scenario,go,go,go,go,go,go,go,wait,wait,wait,wait,wait,wait,wait
year,2020,2025,2030,2035,2040,2045,2050,2020,2025,2030,2035,2040,2045,2050
name,,,,,,,,,,,,,,
central gas CHP electric,3984474236.372716,11736208732.659086,18022754644.164562,12610269006.244144,10951080881.585722,7835575472.529758,5718550278.97533,3984474236.372716,15911014257.234852,19681870068.08334,10276180718.577763,7680859567.237222,7441550175.488893,6495876935.162227
central gas CHP heat,2092793016.7416995,4436009593.74257,5918252887.838781,5164778473.440092,3700734224.855268,2170560366.1847715,1355544117.9168136,2092793016.7416995,3833954010.7780724,5554172226.73502,3096551204.2165995,1354991213.8368585,1338326859.7669632,1179965848.4155502
central gas boiler,4011517350.828416,2545364003.358041,2636147431.4528728,1090100117.5253224,112420941.17038098,2793652.4338657046,601936.0537605475,4011517350.828416,2130474347.8752675,2490154714.7921176,151755773.96968737,107875.80808229411,115164.76067458592,140967.82253098048
decentral gas boiler,36370376086.60652,46656020814.3477,54895424168.46981,50987341991.60571,42465172620.59452,32201737098.483097,22844552544.96652,36370376086.60652,42002003123.76231,53237682464.04836,43829295160.205536,28870395545.9067,26647360327.257076,23178771956.40272
